company_name ,booth_locations,company_page_link
1 Cool Roof,"509, 510",
360 Pest Control,1956,
"A & E Recycled Granite, LLC","1024, 1025",
A Factory Direct Discount Co,1116,
A Quality Roll-Out Drawers DBA A Quality Cabinets and Countertops,1105,https://www.aqualitycorp.com
A-Z Air Duct,503,http://www.airductcleaningarizona.com
A+ Gadgets,1309,
A1 Garage Door Specialists,"1547, 1548, 1621, 1622",http://www.phoenixazgaragedoorrepair.com
A2Z Sales Co,"3058, 3059, 3060",
AAA Plus Flooring,"205, 206",
AB Pest,106,http://www.ab-pest.com
Above & Beyond Roofing,1016,http://www.aboveandbeyondroofingllc.com
Abstract Lighting ,"1445, 1524",
Academy Mortgage,1266,
Academy Mortgage,3005,
Academy Mortgage ,3029,
Accent Design AZ,1421,
Accurate Insurance,1906,
Adam's Quality Construction ,3041,
ADT Security Services,"121, 122",http://www.adt.com
Advanced Development & Building Services,1004,
"Advanced Window Films, LLC",3019,
Advant-Edge Decorative Curbing & Landscaping Inc.,1007,
Advantage Brands ,427,http://www.advantage-brands.com
"Advantage Pure Flo, Inc",107,
Aesthetics Interior Designs,3102,
Affordable Ceiling Storage Racks,1002,http://www.acsrarizona.com
Affordable Enterprises,"504, 505, 1650, 1651",http://www.affordablewindowsofaz.com
Agape Turf,100,http://www.artificiallawnsphoenix.com
Air Plant Art by Amanda,3137,
Alair Homes,"406, 407, 1656, 1657",http://www.alairhomes.com/scottsdale/
All Pro Shade Concepts,"1508, 1509",http://www.allproshadeconcepts.com
Allied Iron,"1442, 1443, 1444, 1525, 1526, 1527",http://www.alliedgate.com
Allied Outdoor Solutions,"1816, 1817",http://www.alliedoutdoorsolutions.com
Altra Home Decor,"1760, 1809",
Amazon Window Tinting,1331,http://www.amazonwindowtinting.com
Amera Pest Control & Landscaping,3043,
America Roofing,3121,https://www.americaroofingco.com
American Floor Coatings,610,http://www.wecoatamerica.com
American Furniture Warehouse ,"1046, 1047, 1119, 1120",https://www.afwonline.com
American Grains,3177,
American Physical Medicine ,1732,
American Turf Co,3092,
American Vision Windows and Solar,"608, 609, 424, 425",http://www.americanvisionwindowsaz.com
Ameriprise Financial,320,
Amerizona Products,"1603, 1604, 1605",http://www.amerizonaproducts.com
Anaya Magnesium ,3161,
Ancient Stone ,1226,
AP Performance Therapy,"3087, 3088",
Apache Stone Supply,"1952, 1953",
APS Customer Information and Programs,"217, 218, 317, 318",
Aqua Science Inc.,"618, 619",
Aqua Therapy Tubs,1032,
Arizona Association of Bed and Breakfast Inns,1921,
Arizona Bank & Trust,1060,
"Arizona Blinds, Shutters & Drapery","1147, 1148, 1221, 1222",
Arizona Breeze Retractable Screen Doors,1766,
Arizona Copper Company,3138,
Arizona Culinary Supplies,1037,
Arizona Door Store ,"1861, 1862",
Arizona Flooring Direct,1363,http://www.arizonaflooringdirect.com
Arizona Foundation Solutions,1834,
Arizona Garage & Closet Design,"625, 626",http://www.arizonagaragedesign.com
Arizona Handmade Soaps,"3156, 3157",
Arizona Natural Design ,3061,
Arizona Republic,"111, 1951",
Arizona Retractable Screen Solutions,"1262, 1263",
Arizona Safety Surfacing / Desert Pool Safety,1836,
Arizona Solar Concepts,"1254, 1721",
Arizona State Parks,3079,
"Arlington Custom Builders, Inc.",1109,http://www.arlingtonaz.com
Armor-KOTE Garage Floors ,117,http://www.armorkoteaz.com
"Armoured Construction, LLC",3003,
Arrow Exterminators ,1059,
Arrowhead Deck and Concrete,"1361, 1362",http://www.arrowheaddeck.com
Arrowseal,3006,
Art & Glass Design ,1062,
Artalik,"3069, 3070",
Artela Doors and Closets ,"1341, 1340",
Artesano Flooring,1061,
Artful Nature Decor,135,
Artificial Grass Superstore,3047,
Artistic Entry Transformations,1117,
Artopia,"3031, 3032",
Austin-Morgan Closets ,633,
Authentic Pizza Ovens,OD-1,
Awning Works Eaglewings Iron Craft ,1567,http://www.eaglewingsironcraft.com
AZ Alarm Company,607,http://www.azalarmcompany.biz
AZ Bathtastic,"1907, 1908",https://azbathtastic.com
AZ Flame Masters LLC,1701,
AZ Patio Cover Sun Control LLC,"506, 507",http://www.azpatiocover.com
AZ Recessed Lighting ,1406,
AZ Sun Services,525,
AZ Trimlight ,508,
"AZ Valley Windows, LLC",1833,
"B and M Communications, LLC",1916,
B Z Retail,1364,
Baby Bump Ultra Sound,3024,
Bamboo Products Direct,1115,
Barbeques Galore & Fireplaces,"1342, 1343, 1344, 1425, 1426, 1427",
Bath Fitter,"1708, 1709",http://www.bathfitter.com
Begin Within Family Wellness ,3067,
Berkshire Patio ,"3038, 3039, 3094, 3095",
Best All Around Roofing,"104, 105",http://www.roofingcontractorarizona.com
Better Business Bureau Foundation BBB,,
BHT Marketing,1027,
Bio Chem Exterminating,1939,
Blackhat Security ,"1051, 1052",
Blaylock Marketing,"1039, 1040, 1106",
Blazing Sky Energy Group,1830,
Blind and Shutter Spot,3028,
Blind Ideas,"1637, 1638",
Bolder Image Floors ,"126,127,128,129",http://www.bolderimagefloors.com
Borgil Enterprises,"1049, 1050",
Boulder Construction Corp. ,1057,
Bravo Cabinet Refinishing and Refacing,1402,http://www.bravoresurfacing.com
Brothers Woodworks Inc,"3131, 3132",
Builders Choice Water Conditioning,"1713, 1714",
C + D ,"631, 632",http://www.cplusdindustry.com/index.html
C2 Financial,1957,
Caballero's Landscaping,"1918, 1919",
Cabinet Cures,"1337, 1338",
Cable Communications,"513, 514, 515, 516",
California Custom,3046,
CapTel Outreach,3042,
Casa Decor,"1165, 1166, 1167",
Castcade Arizona,"OD-2, OD-3",http://www.castcadearizona.com
Castle Rock Homes,622,
Central Security Group,1765,http://www.centralsecuritygroup.com
CFS,1902,
Chills and Frills Boutique,"3174, 3175",
Citywide Builders,1747,
CKBR / Complete Kitchen & Bath Remodel,"637, 638, 1407, 1408",http://www.ckbr.com
CKL Remodeling,99,
Clear Protection,"1258, 1259",http://www.clearprotectionusa.com
Clear Sight Glass,"108, 1404",http://www.csaglass.com
"Closet People Corp., The",1944,http://www.theclosetpeoplecorp.com
CM Wireless,"3105, 3106, 3107, 3108",
Coldwell Banker Residential Brokerage,3129,
Color Essences LLC,1009,http://www.color-essences.com
Colors by Connie,"1614, 1615",
Complete Home Solutions,3133,
Complete Water Systems,1915,
Compton Plumbing Services,1707,
Concrete Lions LLC. ,"3147, 3148",
Convenient Home Services,1966,
Cooler Tymes,1653,
Corium 21 the Aloe Miracle,"1312, 1313",http://www.corium21fordryskin.com
Cosmic Effects,1702,
Costco ,1733,
Cougar Window & Doors,1909,
Cox Communication ,"3007, 3008, 3009, 3010",
Created Solutions,"1738, 1739",
Creative Glass ,3077,
Crop Circle Farms,"2534, 2535",
CTS Global Products,"1013, 1014, 1752, 1753",http://www.allhealthseekers.com
Culligan Water Conditioning,1867,
Custom Creative Marble & Granite ,"211, 212, 213",http://www.customcreativegranite.com
Cutco Cutlery,"130, 1334",http://www.mycutcorep.com/JasonJeffrey
Cutting Edge Decor,"3114, 3115",
CYC Landscaping ,1822,
D and R Design,"3149, 3150",
Dan's Hardwood Flooring,"1913, 1914",
Danny Meador Construction,"1216, 1217",http://dannymeadorconstruction.com
Darlin' Woodworking ,"3180, 3181",
DDMK,"3116, 3117",
DEA Kitchen and Bath Remodeling,"1055, 1056",http://www.kitchensbydea.com
Deep Blue Water Technologies,1700,
Desert Designer Landscape & Development,210,http://www.desertdesigner.com
Desert Devil Heating and Cooling,1028,
Desert King Windows,"1868, 1869",http://www.desertkingwindows.com
Desert Oasis Landscape Design & Concepts,304,http://www.desertoasislandscapedesign.com
Desert Tropics Custom Pools,311,http://www.deserttropics.com
Desert Valley Aire,"17,691,768",http://www.desertvalleyaire.com/
Desert View Landscape LLC,1710,
Designer Cabinet Refinishing,1946,http://www.designercabinetrefinishing.com
Diamond Consignment Store,1900,http://thediamondconsignmentstore.com
Diamond Resorts International Marketing,"628, 1242",
Diamondback Billiards,"419, 420, 520, 521",http://www.diamondbackbilliards.com
Dignity Memorial ,606,http://www.dignitymemorial.com/en-us/index.page
Dips & Things,1063,http://dipsandthings.com
Direct Carpet One,"3001, 3002",
Discovery Dream Homes,1829,
DISH Network ,"1351, 1352, 1417, 1418, 1715, 1716",
DIY Cornice,1917,http://diycornicekits.com/
"Dog Training Elite/ Armor K9, LLC",OD-11,
Domestic Investment Group,2540,
Donnas Discount Merchandise,220,
Door Pros,1008,
Doterra,1365,
Double Dippin',1112,
DRC Metalworx,"3154, 3155",
Dream Home Inspections,3048,
DS3 Design ,1751,
DTM Landscape,"623, 624",http://phoenix-landscape-design.com/
"Durafoam Roofing, Inc ",204,
Dust B Gone,3054,
Earth Friendly Coatings,1938,
Earthsmarte Water,"1841, 1928",http://www.watersuperstore.info/
Easterly Properties,"417, 418",
Easy Time Share Relief,1932,
Easy Turf by Sunburst Landscaping ,411,http://www.sunburstlandscaping.com
EBS / Eco Building Systems,OD-9,
Eco Advantage/Steel Advantage,"1368, 1367, 1366, 1403",http://www.ecoadvantage.info
Eco Soap Works,"3145, 3146",
Eden Down Home,"3162, 3163",
Edward Jones,1964,http://www.edwardjones.com
Edward Jones,1003,http://www.edwardjones.com
Edward Jones,416,http://www.edwardjones.com
Egyptian Sheets,"636, 1947",
Egyptian Trade Furniture Company,3066,
EH Pergolas,"OD-13, OD-12",
EK- Express,"1750, 1854",
Elegant Entry's Arizona ,"1110, 1111",https://www.elegantentrysarizona.com
Element Fire Glass,2502,
Elevated Decor Co,3142,
Elite Shutters & Blinds LLC,"207, 208",
Elite Solar Concepts,1843,
Elite Solar Systems,1260,http://www.elitesolarsystems.com
Emergency Air LLC,"230, 330",http://www.emergencyair.com
Energy Consult Services,1243,
Energy One-Water Treatment Systems ,1369,http://www.energyonewater.com
Entry Brite,"2536, 2537",
Envoy Mortgage Company,3078,
ENVY Home,"115, 114,  1731, 1730",http://www.myenvyhome.com
Epic Lights,1010,http://www.epiclightsaz.com
Epic Palapas and Pavers,3033,
"Ernesto's Rain Gutters and Sunscreens, LLC",1450,
Estate of Bliss,"3143, 3144",
Eurocast by Homerun Products ,"421, 422, 522, 523",http://www.eurocastusa.com
European Design Flooring,3127,
European Granite and Remodeling,1168,http://www.europeangraniteandremodelingllc.com/
"Euroshine USA, Inc","1712, 1857, 1146, 1223, 1246, 1323",http://www.euroshine.com
"Evergreen Softub, Inc.","1539, 1630",
"Evergreen Turf, Inc.",116,
Everlasting Window & Door,"1129, 1130",
Exclusively Tankless,2503,
Exotic Scapes,1568,http://www.exoticscapesandpools.com
Express Flooring,"620, 621",http://www.expresshomeservices.com
Expressive Art LLC,"1220, 1149",
Exquisite Landscaping & Maintenance,1143,
Extreme Energy Solutions,1954,http://extremeenergysolution.net
Fenetex Motorized Screens,1856,
FilterClean,1405,http://www.filtercleanaz.com/
FilterSwap by Tric Enterprises,3014,
First American Solar Technology,"2510, 2511",
First Class Bamboo,1132,
First Impression Ironworks,"1360, 1359, 1358, 1409, 1410, 1411, 2518, 2519",http://www.firstimpressionsecuritydoors.com
Five Star Bath Solutions,1424,
Floor and Decor,1838,
Floor Coverings International Of Scottsdale dbaGalaxy Remodeling LLC ,"13,261,327",
Flower Street Urban Gardens,1934,
FLP Fine Living Products,"1850, 1849",
Foot Pharmacy,1717,
FOR Energy,1706,http://www.affordableenergyaz.com
From The Inside Design,"3178, 3179",
Fuller Life Chiropractic,1225,
General Garage Doors,"1265, 1264",
"Generations Consulting Group, LLC",1705,
Geneva Financial ,1145,
Ghost Scream Hot Sauce,3128,
Glass Guru,3011,
Global Gadgets,"1910, 1911",
Global Home,3125,
GM Home Improvements Inc,1144,
Go Green Best Price Water Systems  ,1663,http://www.bestpricewatersystems.com
Goettl Air Conditioning,3025,
Gold Canyon Candles,1011,
Good Feet ,1767,
Good to the Grain,3109,
Grand Canyon Home Supply,1267,
Grand Canyon Planning Associates,1931,
Grand Canyon State Glass Design,1169,
Grand Materials and Supply,"1535, 1634",https://grandmaterials.com/
Granite Transformations,"15,661,565",http://www.granitetransformations.com
"Grass Pal, LLC","1859, 1860",
Green Home Energy LLC,1958,
Green ID Home Energy Auditors,307,http://www.greenintegrateddesign.com/
Grey Design,2501,
GTE Construction dba A2Z Cabinets and Floors,"2512, 2513, 2514",http://www.gteconstruction.com
H2O Concepts Water Treatment System,"1459, 1458, 1510, 1511",http://www.h2oconcepts.com
Hale Pet Door by HSPD Holding Inc,1662,http://www.halepetdoor.com
Hansel Landscape & Construction ,1133,
Happy Avenue ,"1054, 1053",
Harmon Solar ,"432, 433",http://www.harmonsolar.com
Hart and Cole Co.,"3184, 3183",
Havana Shade,"1239, 1238",
Hawaiian Moon,1858,
Hawkeye Landscaping Inc ,1507,http://www.hawkeyecustomlandscaping.com
Health & Beauty Connection,"1903, 1904",
Health Mate Sauna,"1719, 1720",
Heliocol Solar & Misting ,600,http://www.sunwaterfun.com
Herbalist and the Healer,"3140, 3141",
Heritage Construction Specialists,"1741, 1828",
HipS-sister,1920,
His Lighting,1901,http://www.hislighting.co
Hoffer Chiropractic,1140,
Home Comforts and Moore,"3186, 3185",
"Home Resort Living of Arizona, INC","527, 528, 529",http://www.dreamstyleremodeling.com
Horticultural Frontiers ,3098,
Horticultural Institute of S. Calif.,1735,
Hound Street Boutique,"3171, 3170",
Howard Air,"1744, 1745, 1746, 1823, 1824, 1825, 1747, 1826",
Hudson Douglas Public Adjusters LLC,1654,
"Huggmee Chair Company, LLC",3004,
Hybryd Systems,"1643, 1726",
HydroShield,3018,
Imagine Graphics,2509,
Imperial Wholesale,601,http://www.imperialwholesaleinc.com
"InCompass Life, Inc",1012,
Infinity Massage Chairs,"1756, 1755, 1814, 1813",
Integrity Chiropractic Health Center,1652,
Intermaxx,"123, 124",
IQ Wealth Management,2500,
Iron Door Works,"1757, 1812",http://www.irondoorworks.com
Iron Doors Arizona dba One Stop Improvements,"202, 203",https://www.irondoorsarizona.com/
Ironwood Metal Works,"1845, 1844",
Irwin's Furniture Restoration,"1302, 1303",http://www.irwinfurniture.com
Isley's Home Service Inc,"1950, 1949",
J & J Landscaping,1905,
Jaque Meng Metal Artist,3176,
JC Penny's appliance ,"2516, 2515",
JGM Pet Doors,1301,http://www.jgmpetdoors.com
Jim Brown & Sons Roofing,635,
JK Cabinets and Design,1837,
JLC Enterprises / Xcel Xteriors ,1821,
Joe Streckfuss Plumbing,"1227, 1228",
"JSJ Sales, LLC","1646, 1645, 1644, 1723, 1724, 1725",
Just in Time Services,1224,
Kai Lily,3099,
Kasi Home Komfort Engineers,"1464, 1463",http://www.kasifoam.com
"Katchakid Inc., Pool Safety Net  ",412,
"KB Insulation, LLC",1248,
KBA LLC,"1925, 1926",
Keywize Pool Professionals,1038,
Kinetico Quality Water Systems by Maricopa Water Processing Systems,"1569, 1600",http://www.kineticoaz.com
Kingfrosch Wine,1423,http://www.kingfrosch.com
"Kitchen AZ, LLC","1866, 1865",
Kitchen Helpers,1818,
Kitchen Tune Up,531,http://www.kitchentuneup-phoenix-Mathews.com/
Kitchen Tune Up/KTU,1955,http://www.kitchentuneup-phoenix-pellman.com/
Kohler,OD 10,
Kokomo Grills Professional Outdoor Products ,"1469, 1468, 1467, 1500, 1501, 1502",http://www.Kokomogrills.com
Kristin's Blend,3100,
Ky-Ko Pest Prevention,113,http://www.kykopestprevention.com
L & B Closets,404,http://www.lbclosets.com
LA Lawn Paragon Turf,"1551, 1550, 1618, 1619",http://www.paragonturf.com
Landscape Creations Inc,1639,
Landscape Doctors Division of Agave Tree ,1933,http://www.landscapedoctors.com
Landscape Excellence,1308,http://www.landscapeexcellencellc.com
Lara Custom Cabinets,219,
Lavish Comforts,1855,
"LBS Enterprise, The Last Glue",3056,
Leasures Designer Portraits,1026,
Legacy Design Build Remodeling,526,
Legacy Green Solutions,1336,http://www.gogreenwithlegacy.com
Legacy Stone and Cabinetry,"1034,1033",http://www.legacystoneandcabinetry.com
Legends Garage Door,310,http://www.legendsgaragedoor.com
Leisure Fiberglass Pools,1530,http://www.leisurepoolsusa.com
Liberty Home Products,"200,201,300,301",http://www.libertyhomeproducts.com
Liberty Mutual,1108,http://www.libertymutual.com
LifeSource Water Systems,"1200,1201",http://www.lifesourcewater.com
Lifetime Cookware / United Specialty Products,"1759, 1758,1810, 1811,1157, 1156, 1212, 1213",
Lifetime Windows & Doors,"14,381,437",http://www.lifetimewindowscolorado.com
Limited Edition Coral,1029,
Little Dealer Little Prices / RV Outdoor,"1863, 1864",
LMR Custom Shutters,"1101, 1102",http://lmrcustomshutters.com
London Bridge Resort,1151,http://www.londonbridgeresort.com
Lularoe ,"1042, 1041",
LuLaRoe Suzanne Nicholls Joyner,3068,
Maid Right of North Phoenix,415,http://www.maidrightnorthphoenix.com
Masters Water,"11,031,104",http://www.masterswater.com
Masterscapes Landscape & Pool Design,"400, 401,500, 501,1446, 1523",http://www.masterscapesaz.com
Mattress Firm,"224-328,1357-1515",http://www.mattressfirm.com
Maybach Windows and Doors,1922,
MBA Real Estate,1128,
Milco Solutions ,1020,
Miracle Method of Phoenix West,"1235, 1236",http://www.miraclemethod.com
Mist America Corporation,"3089, 3090",http://www.mistamerica.com
MojiLife,3034,http://www.MojiLifeAddicts.com
MojiLife ,3055,
"Monadavi Marketing Inc, dba TNR Group","109, 110, 1661, 1660,1349, 1350",http://www.iqmassager.com
Moni Smart Security ,3064,
Montenegro Homes & Development,1017,
Moon Valley Nursery ,"1162,1161,1160,1159,1158,1207,1208,1209,1210,1211",http://www.moonvalleynurseries.com
Morgan Stanley Smith Barney (Trisha Larson),3040,
Mountain Fresh Water Systems,"13,321,333",
Mountain Metal,"3168, 3169",
Mr Cabinet Lights & More,1531,
Mr. Electric,222,
MRS Sparkling Clean,1058,
MudHead Soap & Skincare Co. ,3071,
My Custom Sports Chair,"3085, 3086",
My Pillow,3057,http://www.mypillow.com
Myo Natural,1131,
Mythic Home Theater,1536,https://mythichometheater.com
Nation Satellite,"3072, 3073,3074, 3075",
Native Sun Home Accents,3130,
ND Ion Therapy,3076,
New Age Cabinetry & Coatings,1659,http://www.newagecabinetcoatingsllc.com
"New Bath, LLC",223,http://www.aznewbath.com
Noble Painting,1036,
Nu Flow Phoenix,408,
"Nusurface Arizona Operation, LLC","1854, 1853",http://www.nusurface.com
"Nutrimill L'Chef, LLC",312,http://www.nutrimill.com
Olivias Smile Decor,3182,
Optimal Health Concepts,"1015, 1124",
Oregon Wind Spinners by Aqualateral LLC,1300,http://www.oregonwindspinners.com
Outdoor Xscapes,"428,429,1669,1668",http://www.outdoorxaz.com
Overhead Door Company of Central AZ/ DH Pace Door Company,319,
Overkill Iron Works,"3159, 3160",
Pampered Chef,"10,001,001",
Paradise Greens & Turf,125,http://www.paradisegreens.com
Patio Star,"1005, 1006",
Pella Windows & Doors Mountain West ,"A, B, C ,D",http://www.pella.com
PEP Solar / Phoenix Energy Products,"3062, 3044",http://www.phoenixenergyproducts.com
Phoenix Grill Cleaning,3012,
Pinnacle Pavers,"1155, 1154",http://www.pinnaclepaversaz.com
Pioneer Landscaping Materials/Pioneer Sand,OD4,
Platinum Pools And Spas,3045,http://www.platinumpoolsaz.com
Pods,"1447, 1522",http://podsphoenix.com
Pool Maestro,3035,
Premier Pools & Spas,"305,306",http://www.ppas.com
Presidential Pools,"118, 119",http://www.presidentialpools.com
"Prestige Landscapes, LLC",1942,http://www.landscapecreationsofaz.com
Preventive Pest Control ,1318,
Preventive Pest Control ,613,
"Printa Systems, LLC","3167, 3166",
Procraft Thermal Systems ,"1237, 221",
Professional Window Cleaning,3015,
Profound Products,3120,
Prolific Designs ,1430,
PRP Wine International,1214,https://prpwine.com/
Public House Creative,"10,431,123",
Purchase Green Central Artificial Grass,1718,
Pure Life Chiropractic,1428,
PV Rugs,2517,
Quail Run Landscape,"2507, 2508",
Quick N Brite,1655,http://www.quicknbrite.com
R E and Sons Landscaping,1532,
R. Lang Company,3050,
Radiant Butterfly,3166a,
Raicesroots,"3188, 3187",
Rainbow Vacuum,321,http://www.rainbowsystem.com
Raw 33,"12,041,205",
Ray of Light Artistic Design,1315,
Rayne Water Conditioning,1439,
RC Company,3091,
Realty One Group,3122,
Realty One Group,3093,
Redfern Ent.,"1937, 1948, 1255,1256,1257",
REEis AZ Inc.,"413,414",
Refined Custom Landscape,1064,
Relaxed Atmosphere Custom Pools,1261,
"Reliant Capitol, LLC","614, 615,616, 617",
Remodel Experts,322,
RENCO Roofing,1215,http://www.rencoroofing.com
Renegade Water,605,http://www.renegadewater.com
Renewal by Andersen of Phoenix,"214, 215, 314, 315,1505,1506",http://www.RBAPhoenix.com
Rescue One Air,"629, 630",
Restyle Junkie,1035,
Reve Designs & Custom Construction,1429,
Rhino Shield Of Arizona ,"313, 1649",http://www.rhinoshieldaz.com
Riccobene Hardscape Innovations,"532, 533",
Rise Above Remodeling,1734,
RJP Estate Planning,1107,http://www.rjpestateplanning.com/index.php
RJP Home Improvement Services,"11,261,127",http://www.rjphomeimprovement.com
RK Window Fashions,"3083, 3084",
"Rocky Point Best Real Estate Services, LLC",3026,
Roofing Consultants of Arizona,1305,http://www.roofingconsultantsofaz.com
Rooftop Solar,112,http://www.rooftopsolar.us
Rusted Bull,136,
Rustic Decor Store,3096,
SafeRacks,209,http://www.saferacks.com
San Francisco Chocolate Factory,"1601, 1602",
San Juan Iron LLC,"1245, 1324",
Saturn Wealth,431,
Saucy Lips Foods,1251,
Scentsy ,"1519, 1520",http://www.storefront.scentsy.us
Scott's Quality Flooring,"1142, 1141",http://www.phoenixflooringcompany.com
Scottsdale Air Heating & Cooling,1831,
Sears Home Improvement,"3165, 3164",
Sears Vacations,"405, 1620",
Security Screen Masters,"1553, 1554, 1555",http://www.triplepanesystems.com
Sedona Pines Resort,"1800, 1801",http://www.sedonapines.com
Select Premium Granite,"1113, 1114",http://www.selectpremiumkitchens.com
Semper Fi Heating and Cooling,3036,
Sericin Skincare,"3081, 3080, 3052, 3053",
Shasta Pools ,"1557, 1556, 1612, 1613",http://www.shastapools.com
She Brakes For Rainbows,"3152, 3153",
Shelves That Slide,"302, 303",
Shine Solutions,"1435, 1436, 1533, 1534, 132, 133, 134, 131 ",
"Shurfire Solar Powered by PM&M Electric, Inc dba TITAN SOLAR POWER",3119,
Shutter Envy,"1030, 1031",http://www.PhoenixShuttersAndBlinds.com
Sierra Stone Arizona - Rubber Stone,"1647, 1648",
Signature Kitchen & Bath Remodeling,"1537, 1632",http://www.signatureremodelingaz.com
Sinclair Works,1134,
Sledge Concrete Coatings,"603, 604",http://www.sledgeconcretecoatings.com/
Slide Out Shelves LLC,"430, 1420",
Slot Machine Store,"1316, 1317",http://www.slotmachinestore.com
Small Improvements,"1152, 1153",
Smart Systems Plus Inc,"1338, 1339",http://www.smartsystemsplus.net
"Smith Custom Metal, LLC",1330,http://smithcustommetal.com
SMW Refrigeration & Heating,"611, 612",http://www.smwac.net
Snap Power,1549,
Sogno Toscano / Tuscan Dreams ,"1319, 1320",http://www.sognotoscano.com/
Solar Concepts,1711,
Solar Safe Pool Covers ,"1203, 1202",http://www.SolarSafePoolCoversAz.com
SolarCity,"1465, 1504",
Solstice Stone,"1540, 1541, 1628, 1629",
Sonoran Shade & Screen,1961,
SouthFace Solar Electric,"1448, 1449",http://www.southfacesolar.com/
Southwest Blinds & Shutters,"1462, 1461",http://www.southwestblinds.com
Southwest Garden Arts,GS1,
Southwest Patio and Awning,1633,
Southwest Spas,"1139, 1138, 1337, 1136, 1135, 1230, 1231, 1232, 1233, 1234, ",
Southwestern Home Design & Remodeling ,"1022, 1023",
Space Solutions,1748,
Speciality Auto Glass,530,
Speciality Pool Services,426,http://www.azcustompools.com
SRP ,"1764, 1763, 1762",
Stardust Building Supplies ,3134,
Starfiber by Swedeclean,3065,
Starr International Trading,"1930, 1923, 1924",
Steel Shield Security Doors & More,627,http://www.steelshieldsecurity.com
Stellar Logic,"1544, 1545, 1624, 1625",
Streamline Solar,1835,
Summer Accents,"1345, 1346",
Sun Away Outdoor Shades,1304,http://www.sunawayoutdoorshades.com
Sun City Awning & Patio,"1431, 1432, 1433, 1434",http://www.suncityawning.com
Sun Valley Bees,"1962, 1963",
Sun Valley Pools,1125,
Sunny Energy,3049,
Sunrun Solar,3030,
Sunscape Windows & Doors ,"1348, 1347",http://www.sunscapewindowsdoors.com/
Sunset Spas,"1562, 1561, 1560, 1559, 1558, 1607, 1608, 1609, 1610, 1611",http://www.sunsetspasaz.com
"Sunshine Experts, LLC","1546, 1623",http://www.sunshineexperts.com
Sunwest Kirby Vacuums,634,
Supreme Pools & Saunas,1268,
"Surplus Supply, INC","1045, 1044, 1121, 1122",
Surrounding Elements,"OD-7, OD-8",http://www.SurroundingElements.com
Switch Art,1307,
Synthetic Grass Store ,"1935, 1269",http://www.syntheticgrassstore.com
Tady Tote,3126,
Tahoe Garage Design,502,
Ted's Ideas,"3020, 3021, 3022, 3023",
Tekna Security,1636,http://www.teknasystems.com/
Temperature Pro,"1852, 1851",
Terra Verde Landscape Solutions,"1247, 120",
The Amazing Above Ground Garden ,"1253, 1252",
The Garage Floor Company,512,
The Gourmet Friends,"1940, 1941",
The Painted Ladies,"3173, 3172",
Thrive Life,3013,
TMC Custom Pools & Renovations,"1240, 1329",
Tool Belt Designs,1460,
Trajan Wealth,"1314, 1021",http://www.trajanwealth.com
"Travis Painting, LLC",1306,
"Tree Pros, LLC   ","402, 403, 1806, 1722, 1943",http://www.treeprosaz.com
Tribal Waters Custom Pools & Spas,1740,
True Frequency Products,1319,
Tuff Spas,"231, 232, 233, 331, 332, 333",http://www.tuffspas.com
Tutor Doctor,1936,
Ultimate Concrete Coatings,"102, 103",http://www.UltimateCoatingsAZ.com
Ultimate Creations,1736,http://www.infinitealoe.com
Ultimate Umbrella ,"1960, 1959",http://www.ultimateumbrellas.com
UltraFoam,1249,
Uncommon USA,1564,http://www.uncommonusa.com
Uniik Stuff,"3112, 3113",
"Unique Landscape & Design, LLC",CP,
Unique Wood Cutting Boards,"3104, 3103",
Universal Windows Direct of Phoenix,"1641, 1640, 1728, 1729",http://www.universalwindowsdirect.com
UofA Cooperative Extension Master Gardeners,GS1,
Upper Cervical Chiropractic of Arizona ,2506,
Urban Customs Flooring & Remodeling,1321,
Urban Equipment Rentals,"3124, 3123",
US Jaclean,"1451, 1452, 1517, 1518",http://www.usjaclean.com
USA Cabinets & Granite ,"1018, 1019",
USA Turf Guy,323,http://www.usaturfguy.com
Vacation Ownership Consultants,1310,http://vacationownershipconsultants.com
Vacation Village GrandView Resort ,"1703, 1704",http://www.vacationvillageresorts.com
Vactrax Central Vacuums,1945,
Vertex Roofing,1846,http://www.vertexroofing.com/
VIP Marketing,1912,
Vita-Mix Corporation,137,http://www.secure.vitamix.com
Vivint Home Automation,1229,https://www.vivint.com
VOX Landscaping & Construction,"1400, 1401",
"WallBeds ""n"" More","308, 309",http://www.ilovewallbeds.com
Weathersby Windows & Doors ,"409, 410",http://www.weathersbywindows.com
Webster Enterprises,"511, 534, 1100, 1066, 1164, 1635, 1626, 1658, 1616, 1218, 1529, 1807, 1440",http://www.websterent.net
WeFixUglyPools.com US Pool Construction Inc ,"OD5-6, Ent.",http://www.WeFixUglyPools.com
West Coast Innovations,1839,
West USA,"1927, 3017",
Western Timber FrameShadeScape,"517, 518",https://www.westerntimberframe.com
WestGate Resorts ,1543,
Wet Shave Products,1250,https://wetshavingproducts.com
Window World of Phoenix,"1664, 1665, 1666, 1667",http://www.windowworldphoenix.com
"Woodcrest Development, LLC DBA Aeroseal USA",3027,
World Global Network,1521,
Zebra Shades,1065,
Zero Gravity,"1802, 1803, 1804, 1805, 1419",
Zipfizz Corp,1322,http://www.zipfizz.Com
